model,mean_test_score,std_test_score,rank_test_score,params
GradientBoosting,0.944931075835896,0.01693563453331968,1,"{'learning_rate': 0.1, 'max_depth': 2, 'min_samples_leaf': 1, 'n_estimators': 400, 'subsample': 0.8}"
GradientBoosting,0.9440817235053428,0.01746339648590013,2,"{'learning_rate': 0.1, 'max_depth': 2, 'min_samples_leaf': 2, 'n_estimators': 400, 'subsample': 0.8}"
GradientBoosting,0.9433438794075976,0.01789635363285567,3,"{'learning_rate': 0.1, 'max_depth': 2, 'min_samples_leaf': 1, 'n_estimators': 200, 'subsample': 0.8}"
GradientBoosting,0.9422559858250521,0.018154850872258533,4,"{'learning_rate': 0.1, 'max_depth': 2, 'min_samples_leaf': 2, 'n_estimators': 200, 'subsample': 0.8}"
GradientBoosting,0.9397789360591687,0.015994007964800588,5,"{'learning_rate': 0.05, 'max_depth': 2, 'min_samples_leaf': 2, 'n_estimators': 400, 'subsample': 0.8}"
GradientBoosting,0.9387545249139906,0.01592789598071754,6,"{'learning_rate': 0.03, 'max_depth': 2, 'min_samples_leaf': 2, 'n_estimators': 400, 'subsample': 0.8}"
GradientBoosting,0.9383703706740721,0.017729429569992183,7,"{'learning_rate': 0.05, 'max_depth': 2, 'min_samples_leaf': 1, 'n_estimators': 400, 'subsample': 0.8}"
GradientBoosting,0.9375679147278465,0.019055912488926054,8,"{'learning_rate': 0.1, 'max_depth': 2, 'min_samples_leaf': 1, 'n_estimators': 100, 'subsample': 0.8}"
GradientBoosting,0.9368479176428955,0.016335748178669837,9,"{'learning_rate': 0.03, 'max_depth': 2, 'min_samples_leaf': 1, 'n_estimators': 400, 'subsample': 0.8}"
GradientBoosting,0.9368209500062428,0.01884440949476382,10,"{'learning_rate': 0.1, 'max_depth': 2, 'min_samples_leaf': 2, 'n_estimators': 100, 'subsample': 0.8}"
GradientBoosting,0.9326613096700116,0.009610085703685132,11,"{'learning_rate': 0.1, 'max_depth': 2, 'min_samples_leaf': 1, 'n_estimators': 400, 'subsample': 1.0}"
GradientBoosting,0.9317498286455355,0.01145701846577526,12,"{'learning_rate': 0.1, 'max_depth': 2, 'min_samples_leaf': 2, 'n_estimators': 400, 'subsample': 1.0}"
GradientBoosting,0.9312092703133545,0.01908213411181422,13,"{'learning_rate': 0.05, 'max_depth': 2, 'min_samples_leaf': 2, 'n_estimators': 200, 'subsample': 0.8}"
GradientBoosting,0.9304381509119721,0.01108500934223592,14,"{'learning_rate': 0.1, 'max_depth': 2, 'min_samples_leaf': 1, 'n_estimators': 200, 'subsample': 1.0}"
GradientBoosting,0.9303467061963404,0.020122382473638945,15,"{'learning_rate': 0.05, 'max_depth': 2, 'min_samples_leaf': 1, 'n_estimators': 200, 'subsample': 0.8}"
GradientBoosting,0.9301618809550971,0.012740895202365569,16,"{'learning_rate': 0.1, 'max_depth': 3, 'min_samples_leaf': 1, 'n_estimators': 400, 'subsample': 0.8}"
GradientBoosting,0.9299460823812424,0.012899658926847498,17,"{'learning_rate': 0.1, 'max_depth': 3, 'min_samples_leaf': 1, 'n_estimators': 200, 'subsample': 0.8}"
GradientBoosting,0.9299017132378493,0.012583387445895287,18,"{'learning_rate': 0.05, 'max_depth': 2, 'min_samples_leaf': 2, 'n_estimators': 400, 'subsample': 1.0}"
GradientBoosting,0.9297446100654705,0.009853911567850395,19,"{'learning_rate': 0.05, 'max_depth': 3, 'min_samples_leaf': 2, 'n_estimators': 400, 'subsample': 0.8}"
GradientBoosting,0.9296731932369668,0.012650588779841609,20,"{'learning_rate': 0.03, 'max_depth': 3, 'min_samples_leaf': 2, 'n_estimators': 400, 'subsample': 0.8}"
GradientBoosting,0.9295378914327201,0.01270314753366706,21,"{'learning_rate': 0.03, 'max_depth': 3, 'min_samples_leaf': 1, 'n_estimators': 400, 'subsample': 0.8}"
GradientBoosting,0.9293772148903287,0.012547951988432634,22,"{'learning_rate': 0.1, 'max_depth': 2, 'min_samples_leaf': 2, 'n_estimators': 200, 'subsample': 1.0}"
GradientBoosting,0.9291359925894099,0.01248960034633855,23,"{'learning_rate': 0.05, 'max_depth': 2, 'min_samples_leaf': 1, 'n_estimators': 400, 'subsample': 1.0}"
GradientBoosting,0.9283703480510923,0.01056459062600249,24,"{'learning_rate': 0.05, 'max_depth': 3, 'min_samples_leaf': 1, 'n_estimators': 400, 'subsample': 0.8}"
GradientBoosting,0.9279576927840546,0.014979482218223457,25,"{'learning_rate': 0.03, 'max_depth': 2, 'min_samples_leaf': 1, 'n_estimators': 400, 'subsample': 1.0}"
GradientBoosting,0.9274360535923399,0.013188952339989866,26,"{'learning_rate': 0.1, 'max_depth': 3, 'min_samples_leaf': 1, 'n_estimators': 100, 'subsample': 0.8}"
GradientBoosting,0.9272964936683223,0.010320801378241042,27,"{'learning_rate': 0.05, 'max_depth': 3, 'min_samples_leaf': 2, 'n_estimators': 200, 'subsample': 0.8}"
GradientBoosting,0.9270725121106486,0.015202107091747484,28,"{'learning_rate': 0.03, 'max_depth': 2, 'min_samples_leaf': 2, 'n_estimators': 400, 'subsample': 1.0}"
GradientBoosting,0.9261627599004456,0.011175565027450644,29,"{'learning_rate': 0.05, 'max_depth': 3, 'min_samples_leaf': 1, 'n_estimators': 200, 'subsample': 0.8}"
GradientBoosting,0.9249183529555104,0.01406148424757355,30,"{'learning_rate': 0.1, 'max_depth': 2, 'min_samples_leaf': 1, 'n_estimators': 100, 'subsample': 1.0}"
GradientBoosting,0.9246979506842301,0.01141467138545808,31,"{'learning_rate': 0.1, 'max_depth': 3, 'min_samples_leaf': 2, 'n_estimators': 400, 'subsample': 0.8}"
GradientBoosting,0.9244872378699878,0.011459954520817281,32,"{'learning_rate': 0.1, 'max_depth': 3, 'min_samples_leaf': 2, 'n_estimators': 200, 'subsample': 0.8}"
GradientBoosting,0.9242563985301431,0.014355188459737418,33,"{'learning_rate': 0.05, 'max_depth': 2, 'min_samples_leaf': 1, 'n_estimators': 200, 'subsample': 1.0}"
GradientBoosting,0.9241402030707848,0.01489185313787948,34,"{'learning_rate': 0.1, 'max_depth': 2, 'min_samples_leaf': 2, 'n_estimators': 100, 'subsample': 1.0}"
GradientBoosting,0.9241210885044693,0.015119489552416956,35,"{'learning_rate': 0.05, 'max_depth': 2, 'min_samples_leaf': 2, 'n_estimators': 200, 'subsample': 1.0}"
GradientBoosting,0.9229130267292277,0.008490499087475728,36,"{'learning_rate': 0.05, 'max_depth': 4, 'min_samples_leaf': 1, 'n_estimators': 400, 'subsample': 0.8}"
GradientBoosting,0.922738182330687,0.01418471360638526,37,"{'learning_rate': 0.03, 'max_depth': 3, 'min_samples_leaf': 1, 'n_estimators': 200, 'subsample': 0.8}"
GradientBoosting,0.9225713067680064,0.014077350525754494,38,"{'learning_rate': 0.03, 'max_depth': 3, 'min_samples_leaf': 2, 'n_estimators': 200, 'subsample': 0.8}"
GradientBoosting,0.922499152250148,0.011137145020534603,39,"{'learning_rate': 0.03, 'max_depth': 4, 'min_samples_leaf': 2, 'n_estimators': 400, 'subsample': 0.8}"
GradientBoosting,0.9224316764741234,0.008768028221394547,40,"{'learning_rate': 0.05, 'max_depth': 4, 'min_samples_leaf': 1, 'n_estimators': 200, 'subsample': 0.8}"
GradientBoosting,0.9221399642292806,0.019342530184542465,41,"{'learning_rate': 0.03, 'max_depth': 2, 'min_samples_leaf': 2, 'n_estimators': 200, 'subsample': 0.8}"
GradientBoosting,0.9215891247464894,0.012168899917485248,42,"{'learning_rate': 0.1, 'max_depth': 3, 'min_samples_leaf': 2, 'n_estimators': 100, 'subsample': 0.8}"
GradientBoosting,0.9214079651607786,0.019803353675197265,43,"{'learning_rate': 0.03, 'max_depth': 2, 'min_samples_leaf': 1, 'n_estimators': 200, 'subsample': 0.8}"
GradientBoosting,0.920939977886335,0.004385485660922886,44,"{'learning_rate': 0.1, 'max_depth': 4, 'min_samples_leaf': 1, 'n_estimators': 400, 'subsample': 0.8}"
GradientBoosting,0.9209379936564044,0.010653360676126893,45,"{'learning_rate': 0.03, 'max_depth': 4, 'min_samples_leaf': 1, 'n_estimators': 400, 'subsample': 0.8}"
GradientBoosting,0.9209276033199281,0.004387563703159322,46,"{'learning_rate': 0.1, 'max_depth': 4, 'min_samples_leaf': 1, 'n_estimators': 200, 'subsample': 0.8}"
GradientBoosting,0.9203898802055063,0.004770591334653109,47,"{'learning_rate': 0.1, 'max_depth': 4, 'min_samples_leaf': 1, 'n_estimators': 100, 'subsample': 0.8}"
GradientBoosting,0.9193331975744263,0.011662771993594296,48,"{'learning_rate': 0.03, 'max_depth': 4, 'min_samples_leaf': 2, 'n_estimators': 200, 'subsample': 0.8}"
GradientBoosting,0.9176326699745788,0.010896745954699165,49,"{'learning_rate': 0.03, 'max_depth': 4, 'min_samples_leaf': 1, 'n_estimators': 200, 'subsample': 0.8}"
GradientBoosting,0.917491094723579,0.01595687566183163,50,"{'learning_rate': 0.05, 'max_depth': 4, 'min_samples_leaf': 2, 'n_estimators': 400, 'subsample': 0.8}"
GradientBoosting,0.9169866638098952,0.010246857662847305,51,"{'learning_rate': 0.05, 'max_depth': 4, 'min_samples_leaf': 1, 'n_estimators': 100, 'subsample': 0.8}"
GradientBoosting,0.9169853817017518,0.0161223044893802,52,"{'learning_rate': 0.05, 'max_depth': 4, 'min_samples_leaf': 2, 'n_estimators': 200, 'subsample': 0.8}"
GradientBoosting,0.9168665020900978,0.012007770703764747,53,"{'learning_rate': 0.05, 'max_depth': 3, 'min_samples_leaf': 2, 'n_estimators': 100, 'subsample': 0.8}"
GradientBoosting,0.9160593576143917,0.018990213167096336,54,"{'learning_rate': 0.1, 'max_depth': 3, 'min_samples_leaf': 2, 'n_estimators': 400, 'subsample': 1.0}"
GradientBoosting,0.9160253924931766,0.012666755561174935,55,"{'learning_rate': 0.05, 'max_depth': 3, 'min_samples_leaf': 1, 'n_estimators': 100, 'subsample': 0.8}"
GradientBoosting,0.9157747066955393,0.01902031375794568,56,"{'learning_rate': 0.1, 'max_depth': 3, 'min_samples_leaf': 2, 'n_estimators': 200, 'subsample': 1.0}"
GradientBoosting,0.9148648786378526,0.010144102071327606,57,"{'learning_rate': 0.1, 'max_depth': 4, 'min_samples_leaf': 2, 'n_estimators': 400, 'subsample': 0.8}"
GradientBoosting,0.9148507199504795,0.010124627947196266,58,"{'learning_rate': 0.1, 'max_depth': 4, 'min_samples_leaf': 2, 'n_estimators': 200, 'subsample': 0.8}"
GradientBoosting,0.9142428756015601,0.010204515100985847,59,"{'learning_rate': 0.1, 'max_depth': 4, 'min_samples_leaf': 2, 'n_estimators': 100, 'subsample': 0.8}"
GradientBoosting,0.9138010408991771,0.019480447036150855,60,"{'learning_rate': 0.1, 'max_depth': 3, 'min_samples_leaf': 2, 'n_estimators': 100, 'subsample': 1.0}"
GradientBoosting,0.9130147324526525,0.01811410977561997,61,"{'learning_rate': 0.03, 'max_depth': 2, 'min_samples_leaf': 1, 'n_estimators': 200, 'subsample': 1.0}"
GradientBoosting,0.9128024511762659,0.018113358214038353,62,"{'learning_rate': 0.03, 'max_depth': 2, 'min_samples_leaf': 2, 'n_estimators': 200, 'subsample': 1.0}"
GradientBoosting,0.9125329441003871,0.017469677980213736,63,"{'learning_rate': 0.05, 'max_depth': 3, 'min_samples_leaf': 2, 'n_estimators': 400, 'subsample': 1.0}"
GradientBoosting,0.9117087324864818,0.01936818609434784,64,"{'learning_rate': 0.1, 'max_depth': 3, 'min_samples_leaf': 1, 'n_estimators': 400, 'subsample': 1.0}"
GradientBoosting,0.9116678797144422,0.021626166777962696,65,"{'learning_rate': 0.05, 'max_depth': 2, 'min_samples_leaf': 2, 'n_estimators': 100, 'subsample': 0.8}"
GradientBoosting,0.9116526075431984,0.02230113043512122,66,"{'learning_rate': 0.05, 'max_depth': 2, 'min_samples_leaf': 1, 'n_estimators': 100, 'subsample': 0.8}"
GradientBoosting,0.9115936860418012,0.01751757767857451,67,"{'learning_rate': 0.05, 'max_depth': 4, 'min_samples_leaf': 2, 'n_estimators': 100, 'subsample': 0.8}"
GradientBoosting,0.911541981842874,0.019537674259515306,68,"{'learning_rate': 0.1, 'max_depth': 3, 'min_samples_leaf': 1, 'n_estimators': 200, 'subsample': 1.0}"
GradientBoosting,0.9112354820115774,0.018800602067833235,69,"{'learning_rate': 0.03, 'max_depth': 3, 'min_samples_leaf': 1, 'n_estimators': 400, 'subsample': 1.0}"
GradientBoosting,0.9107794209932356,0.016805060164204542,70,"{'learning_rate': 0.03, 'max_depth': 3, 'min_samples_leaf': 2, 'n_estimators': 400, 'subsample': 1.0}"
GradientBoosting,0.9102051397858144,0.019329240114989737,71,"{'learning_rate': 0.05, 'max_depth': 3, 'min_samples_leaf': 1, 'n_estimators': 400, 'subsample': 1.0}"
GradientBoosting,0.9100896521258139,0.018582010560198994,72,"{'learning_rate': 0.05, 'max_depth': 3, 'min_samples_leaf': 2, 'n_estimators': 200, 'subsample': 1.0}"
GradientBoosting,0.9093416343156587,0.020119130765993174,73,"{'learning_rate': 0.1, 'max_depth': 3, 'min_samples_leaf': 1, 'n_estimators': 100, 'subsample': 1.0}"
GradientBoosting,0.9085920129735582,0.019577370755736477,74,"{'learning_rate': 0.05, 'max_depth': 3, 'min_samples_leaf': 1, 'n_estimators': 200, 'subsample': 1.0}"
GradientBoosting,0.9080604743904142,0.013253082514951815,75,"{'learning_rate': 0.05, 'max_depth': 4, 'min_samples_leaf': 1, 'n_estimators': 400, 'subsample': 1.0}"
GradientBoosting,0.9077090024457352,0.01343804178717732,76,"{'learning_rate': 0.05, 'max_depth': 4, 'min_samples_leaf': 1, 'n_estimators': 200, 'subsample': 1.0}"
ExtraTrees,0.9054078696407446,0.02244832636423826,1,"{'max_depth': None, 'min_samples_leaf': 1, 'min_samples_split': 2, 'n_estimators': 200}"
ExtraTrees,0.905181069600412,0.02242738169753822,2,"{'max_depth': 16, 'min_samples_leaf': 1, 'min_samples_split': 2, 'n_estimators': 200}"
GradientBoosting,0.9050667912159636,0.019372819647224104,77,"{'learning_rate': 0.03, 'max_depth': 3, 'min_samples_leaf': 1, 'n_estimators': 200, 'subsample': 1.0}"
ExtraTrees,0.9048801768301681,0.022356497452162897,3,"{'max_depth': None, 'min_samples_leaf': 1, 'min_samples_split': 2, 'n_estimators': 800}"
GradientBoosting,0.9048140930700445,0.014129014731026871,78,"{'learning_rate': 0.05, 'max_depth': 4, 'min_samples_leaf': 2, 'n_estimators': 400, 'subsample': 1.0}"
ExtraTrees,0.904786056561322,0.022218905214353376,4,"{'max_depth': 16, 'min_samples_leaf': 1, 'min_samples_split': 2, 'n_estimators': 800}"
GradientBoosting,0.9046652818200569,0.017034152188178005,79,"{'learning_rate': 0.03, 'max_depth': 3, 'min_samples_leaf': 2, 'n_estimators': 200, 'subsample': 1.0}"
ExtraTrees,0.9045915744511884,0.02199485223501052,5,"{'max_depth': None, 'min_samples_leaf': 1, 'min_samples_split': 2, 'n_estimators': 400}"
ExtraTrees,0.9044807703844201,0.021889796178529337,6,"{'max_depth': 16, 'min_samples_leaf': 1, 'min_samples_split': 2, 'n_estimators': 400}"
GradientBoosting,0.9044342466891433,0.014244327257786928,80,"{'learning_rate': 0.05, 'max_depth': 4, 'min_samples_leaf': 2, 'n_estimators': 200, 'subsample': 1.0}"
GradientBoosting,0.9042048723477123,0.014396344236228268,81,"{'learning_rate': 0.05, 'max_depth': 4, 'min_samples_leaf': 1, 'n_estimators': 100, 'subsample': 1.0}"
GradientBoosting,0.9039428474650668,0.017523970929794703,82,"{'learning_rate': 0.05, 'max_depth': 2, 'min_samples_leaf': 2, 'n_estimators': 100, 'subsample': 1.0}"
GradientBoosting,0.9038782483306772,0.017618904139898008,83,"{'learning_rate': 0.05, 'max_depth': 2, 'min_samples_leaf': 1, 'n_estimators': 100, 'subsample': 1.0}"
GradientBoosting,0.9034666110858209,0.011991972186964241,84,"{'learning_rate': 0.1, 'max_depth': 4, 'min_samples_leaf': 1, 'n_estimators': 400, 'subsample': 1.0}"
GradientBoosting,0.9034496853051628,0.012000238183478312,85,"{'learning_rate': 0.1, 'max_depth': 4, 'min_samples_leaf': 1, 'n_estimators': 200, 'subsample': 1.0}"
GradientBoosting,0.903165235665963,0.012037196464249996,86,"{'learning_rate': 0.1, 'max_depth': 4, 'min_samples_leaf': 1, 'n_estimators': 100, 'subsample': 1.0}"
GradientBoosting,0.9030023333793826,0.012920248324091756,87,"{'learning_rate': 0.03, 'max_depth': 4, 'min_samples_leaf': 1, 'n_estimators': 400, 'subsample': 1.0}"
ExtraTrees,0.9022956866182327,0.024992697103066414,7,"{'max_depth': 8, 'min_samples_leaf': 1, 'min_samples_split': 2, 'n_estimators': 800}"
GradientBoosting,0.9018205365682656,0.010560879455120393,88,"{'learning_rate': 0.03, 'max_depth': 4, 'min_samples_leaf': 2, 'n_estimators': 400, 'subsample': 1.0}"
ExtraTrees,0.9013918090730921,0.02199594880189934,8,"{'max_depth': 16, 'min_samples_leaf': 1, 'min_samples_split': 5, 'n_estimators': 800}"
ExtraTrees,0.90138460095851,0.021992569110537066,9,"{'max_depth': None, 'min_samples_leaf': 1, 'min_samples_split': 5, 'n_estimators': 800}"
ExtraTrees,0.9012641846784512,0.019876143229259326,10,"{'max_depth': 16, 'min_samples_leaf': 1, 'min_samples_split': 5, 'n_estimators': 200}"
ExtraTrees,0.9012321980459849,0.019858922532106034,11,"{'max_depth': None, 'min_samples_leaf': 1, 'min_samples_split': 5, 'n_estimators': 200}"
GradientBoosting,0.9011128053433748,0.01862888906736533,89,"{'learning_rate': 0.05, 'max_depth': 3, 'min_samples_leaf': 1, 'n_estimators': 100, 'subsample': 1.0}"
ExtraTrees,0.9007702614448017,0.02183882172657583,12,"{'max_depth': 16, 'min_samples_leaf': 2, 'min_samples_split': 2, 'n_estimators': 800}"
ExtraTrees,0.900767162539492,0.021833910272017604,13,"{'max_depth': None, 'min_samples_leaf': 2, 'min_samples_split': 2, 'n_estimators': 800}"
ExtraTrees,0.9006591775805868,0.024745404560751357,14,"{'max_depth': 8, 'min_samples_leaf': 1, 'min_samples_split': 2, 'n_estimators': 400}"
ExtraTrees,0.9006456323657728,0.021427726293478666,15,"{'max_depth': 16, 'min_samples_leaf': 1, 'min_samples_split': 5, 'n_estimators': 400}"
ExtraTrees,0.9006316747973212,0.02142239352058225,16,"{'max_depth': None, 'min_samples_leaf': 1, 'min_samples_split': 5, 'n_estimators': 400}"
GradientBoosting,0.9005967213612223,0.019162925829233363,90,"{'learning_rate': 0.05, 'max_depth': 3, 'min_samples_leaf': 2, 'n_estimators': 100, 'subsample': 1.0}"
GradientBoosting,0.9005735428451068,0.013919442390095474,91,"{'learning_rate': 0.03, 'max_depth': 4, 'min_samples_leaf': 1, 'n_estimators': 200, 'subsample': 1.0}"
GradientBoosting,0.9004742910467092,0.01509732161392319,92,"{'learning_rate': 0.03, 'max_depth': 4, 'min_samples_leaf': 2, 'n_estimators': 100, 'subsample': 0.8}"
ExtraTrees,0.9001177854681124,0.02432913366478632,17,"{'max_depth': 8, 'min_samples_leaf': 1, 'min_samples_split': 2, 'n_estimators': 200}"
ExtraTrees,0.9000512063545905,0.02033214797871748,18,"{'max_depth': 16, 'min_samples_leaf': 2, 'min_samples_split': 2, 'n_estimators': 200}"
ExtraTrees,0.9000362178888309,0.020307106894872702,19,"{'max_depth': None, 'min_samples_leaf': 2, 'min_samples_split': 2, 'n_estimators': 200}"
GradientBoosting,0.8997302583388305,0.011151743182085564,93,"{'learning_rate': 0.03, 'max_depth': 4, 'min_samples_leaf': 2, 'n_estimators': 200, 'subsample': 1.0}"
ExtraTrees,0.8993912664151873,0.024089329149063064,20,"{'max_depth': 8, 'min_samples_leaf': 1, 'min_samples_split': 5, 'n_estimators': 800}"
ExtraTrees,0.8993516864258513,0.021879488418836086,21,"{'max_depth': 8, 'min_samples_leaf': 2, 'min_samples_split': 2, 'n_estimators': 800}"
GradientBoosting,0.8992323077384139,0.01515001714501048,94,"{'learning_rate': 0.05, 'max_depth': 4, 'min_samples_leaf': 2, 'n_estimators': 100, 'subsample': 1.0}"
ExtraTrees,0.8982887175808008,0.02130692154767262,22,"{'max_depth': 16, 'min_samples_leaf': 2, 'min_samples_split': 2, 'n_estimators': 400}"
ExtraTrees,0.8982820047344939,0.021295693642541257,23,"{'max_depth': None, 'min_samples_leaf': 2, 'min_samples_split': 2, 'n_estimators': 400}"
GradientBoosting,0.8980320314610459,0.014356198832093185,95,"{'learning_rate': 0.03, 'max_depth': 4, 'min_samples_leaf': 1, 'n_estimators': 100, 'subsample': 0.8}"
ExtraTrees,0.897628893758335,0.020604265981551396,24,"{'max_depth': 8, 'min_samples_leaf': 2, 'min_samples_split': 2, 'n_estimators': 200}"
ExtraTrees,0.897610676232419,0.024068030230615916,25,"{'max_depth': 8, 'min_samples_leaf': 1, 'min_samples_split': 5, 'n_estimators': 400}"
ExtraTrees,0.897604435093084,0.02381787679839124,26,"{'max_depth': None, 'min_samples_leaf': 2, 'min_samples_split': 5, 'n_estimators': 800}"
ExtraTrees,0.897604435093084,0.02381787679839124,26,"{'max_depth': 16, 'min_samples_leaf': 2, 'min_samples_split': 5, 'n_estimators': 800}"
ExtraTrees,0.8975701730007156,0.021053304433864987,28,"{'max_depth': 8, 'min_samples_leaf': 2, 'min_samples_split': 2, 'n_estimators': 400}"
ExtraTrees,0.8968140537729754,0.024361810443817966,29,"{'max_depth': 8, 'min_samples_leaf': 1, 'min_samples_split': 5, 'n_estimators': 200}"
ExtraTrees,0.8965305208242633,0.024025935607081942,30,"{'max_depth': None, 'min_samples_leaf': 2, 'min_samples_split': 5, 'n_estimators': 400}"
ExtraTrees,0.8965305208242633,0.024025935607081942,30,"{'max_depth': 16, 'min_samples_leaf': 2, 'min_samples_split': 5, 'n_estimators': 400}"
ExtraTrees,0.8962835062663906,0.024793348303331644,32,"{'max_depth': 8, 'min_samples_leaf': 2, 'min_samples_split': 5, 'n_estimators': 800}"
GradientBoosting,0.8958671675015447,0.01835931394228327,96,"{'learning_rate': 0.1, 'max_depth': 4, 'min_samples_leaf': 2, 'n_estimators': 400, 'subsample': 1.0}"
GradientBoosting,0.895857747134363,0.018365589465487893,97,"{'learning_rate': 0.1, 'max_depth': 4, 'min_samples_leaf': 2, 'n_estimators': 200, 'subsample': 1.0}"
ExtraTrees,0.895658884817277,0.02475904175015903,33,"{'max_depth': 8, 'min_samples_leaf': 2, 'min_samples_split': 5, 'n_estimators': 400}"
GradientBoosting,0.8954592170031436,0.018513709575086693,98,"{'learning_rate': 0.1, 'max_depth': 4, 'min_samples_leaf': 2, 'n_estimators': 100, 'subsample': 1.0}"
ExtraTrees,0.8953662261288924,0.023558776335405367,34,"{'max_depth': None, 'min_samples_leaf': 2, 'min_samples_split': 5, 'n_estimators': 200}"
ExtraTrees,0.8953662261288924,0.023558776335405367,34,"{'max_depth': 16, 'min_samples_leaf': 2, 'min_samples_split': 5, 'n_estimators': 200}"
ExtraTrees,0.8949539822707923,0.024824791899230474,36,"{'max_depth': 8, 'min_samples_leaf': 2, 'min_samples_split': 5, 'n_estimators': 200}"
GradientBoosting,0.891977065460296,0.0174911173780812,99,"{'learning_rate': 0.03, 'max_depth': 3, 'min_samples_leaf': 1, 'n_estimators': 100, 'subsample': 0.8}"
GradientBoosting,0.8913002910162409,0.017745099508638822,100,"{'learning_rate': 0.03, 'max_depth': 3, 'min_samples_leaf': 2, 'n_estimators': 100, 'subsample': 0.8}"
GradientBoosting,0.884185056475542,0.014826686063841129,101,"{'learning_rate': 0.03, 'max_depth': 4, 'min_samples_leaf': 2, 'n_estimators': 100, 'subsample': 1.0}"
GradientBoosting,0.884087986808505,0.019253069536047707,102,"{'learning_rate': 0.03, 'max_depth': 4, 'min_samples_leaf': 1, 'n_estimators': 100, 'subsample': 1.0}"
RandomForest,0.8787180336700555,0.01920022030773602,1,"{'max_depth': 8, 'min_samples_leaf': 1, 'min_samples_split': 2, 'n_estimators': 400}"
RandomForest,0.8785674263997049,0.019023321716563027,2,"{'max_depth': None, 'min_samples_leaf': 1, 'min_samples_split': 2, 'n_estimators': 400}"
RandomForest,0.8785674263997049,0.019023321716563027,2,"{'max_depth': 16, 'min_samples_leaf': 1, 'min_samples_split': 2, 'n_estimators': 400}"
RandomForest,0.8784223290476023,0.016859056662473275,4,"{'max_depth': None, 'min_samples_leaf': 2, 'min_samples_split': 2, 'n_estimators': 400}"
RandomForest,0.8784223290476023,0.016859056662473275,4,"{'max_depth': 16, 'min_samples_leaf': 2, 'min_samples_split': 2, 'n_estimators': 400}"
RandomForest,0.87829566246033,0.016815650230443898,6,"{'max_depth': 8, 'min_samples_leaf': 2, 'min_samples_split': 2, 'n_estimators': 400}"
RandomForest,0.8778337650848453,0.0195937227295161,7,"{'max_depth': None, 'min_samples_leaf': 1, 'min_samples_split': 2, 'n_estimators': 800}"
RandomForest,0.8778337650848453,0.0195937227295161,7,"{'max_depth': 16, 'min_samples_leaf': 1, 'min_samples_split': 2, 'n_estimators': 800}"
GradientBoosting,0.8777709983512452,0.01874687089932067,103,"{'learning_rate': 0.03, 'max_depth': 3, 'min_samples_leaf': 2, 'n_estimators': 100, 'subsample': 1.0}"
RandomForest,0.8776279297897023,0.019516755829707428,9,"{'max_depth': 8, 'min_samples_leaf': 1, 'min_samples_split': 2, 'n_estimators': 800}"
RandomForest,0.8774445767111777,0.017592443016715167,10,"{'max_depth': None, 'min_samples_leaf': 2, 'min_samples_split': 2, 'n_estimators': 800}"
RandomForest,0.8774445767111777,0.017592443016715167,10,"{'max_depth': 16, 'min_samples_leaf': 2, 'min_samples_split': 2, 'n_estimators': 800}"
RandomForest,0.8773703704109307,0.017497205419950423,12,"{'max_depth': 8, 'min_samples_leaf': 2, 'min_samples_split': 2, 'n_estimators': 800}"
GradientBoosting,0.8771039463459207,0.01902175970739096,104,"{'learning_rate': 0.03, 'max_depth': 3, 'min_samples_leaf': 1, 'n_estimators': 100, 'subsample': 1.0}"
RandomForest,0.8770939036200431,0.01765801235932035,13,"{'max_depth': None, 'min_samples_leaf': 2, 'min_samples_split': 5, 'n_estimators': 400}"
RandomForest,0.8770939036200431,0.01765801235932035,13,"{'max_depth': 16, 'min_samples_leaf': 2, 'min_samples_split': 5, 'n_estimators': 400}"
RandomForest,0.8770784073259064,0.017340594491163538,15,"{'max_depth': None, 'min_samples_leaf': 1, 'min_samples_split': 5, 'n_estimators': 400}"
RandomForest,0.8770784073259064,0.017340594491163538,15,"{'max_depth': 16, 'min_samples_leaf': 1, 'min_samples_split': 5, 'n_estimators': 400}"
RandomForest,0.8770332528705701,0.01740089490961033,17,"{'max_depth': 8, 'min_samples_leaf': 2, 'min_samples_split': 5, 'n_estimators': 400}"
RandomForest,0.8768947110863261,0.01736809117567468,18,"{'max_depth': 8, 'min_samples_leaf': 1, 'min_samples_split': 5, 'n_estimators': 400}"
RandomForest,0.8767154377905115,0.018006631753262895,19,"{'max_depth': None, 'min_samples_leaf': 1, 'min_samples_split': 2, 'n_estimators': 200}"
RandomForest,0.8767154377905115,0.018006631753262895,19,"{'max_depth': 16, 'min_samples_leaf': 1, 'min_samples_split': 2, 'n_estimators': 200}"
RandomForest,0.8763834710150802,0.018537962627836992,21,"{'max_depth': 8, 'min_samples_leaf': 1, 'min_samples_split': 5, 'n_estimators': 800}"
RandomForest,0.8763779389222954,0.018453351945541395,22,"{'max_depth': None, 'min_samples_leaf': 1, 'min_samples_split': 5, 'n_estimators': 800}"
RandomForest,0.8763779389222954,0.018453351945541395,22,"{'max_depth': 16, 'min_samples_leaf': 1, 'min_samples_split': 5, 'n_estimators': 800}"
RandomForest,0.8763453006283395,0.01845804380632626,24,"{'max_depth': 8, 'min_samples_leaf': 1, 'min_samples_split': 2, 'n_estimators': 200}"
RandomForest,0.8762150700776141,0.015477764426728173,25,"{'max_depth': None, 'min_samples_leaf': 2, 'min_samples_split': 2, 'n_estimators': 200}"
RandomForest,0.8762150700776141,0.015477764426728173,25,"{'max_depth': 16, 'min_samples_leaf': 2, 'min_samples_split': 2, 'n_estimators': 200}"
RandomForest,0.8761442371281749,0.01846830110468975,27,"{'max_depth': None, 'min_samples_leaf': 2, 'min_samples_split': 5, 'n_estimators': 800}"
RandomForest,0.8761442371281749,0.01846830110468975,27,"{'max_depth': 16, 'min_samples_leaf': 2, 'min_samples_split': 5, 'n_estimators': 800}"
RandomForest,0.8760683054210789,0.01830057056441086,29,"{'max_depth': 8, 'min_samples_leaf': 2, 'min_samples_split': 5, 'n_estimators': 800}"
RandomForest,0.875992196797449,0.015426484082651628,30,"{'max_depth': 8, 'min_samples_leaf': 2, 'min_samples_split': 2, 'n_estimators': 200}"
RandomForest,0.8755816780513129,0.017015429998423485,31,"{'max_depth': 8, 'min_samples_leaf': 1, 'min_samples_split': 5, 'n_estimators': 200}"
RandomForest,0.8753465247641854,0.01722145467089816,32,"{'max_depth': None, 'min_samples_leaf': 1, 'min_samples_split': 5, 'n_estimators': 200}"
RandomForest,0.8753465247641854,0.01722145467089816,32,"{'max_depth': 16, 'min_samples_leaf': 1, 'min_samples_split': 5, 'n_estimators': 200}"
RandomForest,0.875250936736182,0.01724439241211661,34,"{'max_depth': None, 'min_samples_leaf': 2, 'min_samples_split': 5, 'n_estimators': 200}"
RandomForest,0.875250936736182,0.01724439241211661,34,"{'max_depth': 16, 'min_samples_leaf': 2, 'min_samples_split': 5, 'n_estimators': 200}"
RandomForest,0.8751942077746631,0.01708462684549649,36,"{'max_depth': 8, 'min_samples_leaf': 2, 'min_samples_split': 5, 'n_estimators': 200}"
GradientBoosting,0.87269560060382,0.024946918158880962,105,"{'learning_rate': 0.03, 'max_depth': 2, 'min_samples_leaf': 2, 'n_estimators': 100, 'subsample': 0.8}"
GradientBoosting,0.8714308470722172,0.025524910264812767,106,"{'learning_rate': 0.03, 'max_depth': 2, 'min_samples_leaf': 1, 'n_estimators': 100, 'subsample': 0.8}"
GradientBoosting,0.8629760915498685,0.025408075810521905,107,"{'learning_rate': 0.03, 'max_depth': 2, 'min_samples_leaf': 2, 'n_estimators': 100, 'subsample': 1.0}"
GradientBoosting,0.8624749438838029,0.025927371845471815,108,"{'learning_rate': 0.03, 'max_depth': 2, 'min_samples_leaf': 1, 'n_estimators': 100, 'subsample': 1.0}"
